mean_clearing_price,final_clearing_price,price_volatility,n_bids,total_surplus,fundamental_value,price_drift,surplus_EarlyBeliever,count_EarlyBeliever,avg_surplus_EarlyBeliever,surplus_InformedTrader,count_InformedTrader,avg_surplus_InformedTrader,surplus_MomentumTrader,count_MomentumTrader,avg_surplus_MomentumTrader,surplus_OptionValueOptimizer,count_OptionValueOptimizer,avg_surplus_OptionValueOptimizer,surplus_NoiseTrader,count_NoiseTrader,avg_surplus_NoiseTrader,surplus_WhaleAgent,count_WhaleAgent,avg_surplus_WhaleAgent,param_name,param_value,run_id
6.692995657577705,7.3606081293895835,0.9093173539372057,66,12758.02760619974,10.0,0.8027026207824479,7202.894564452931,12,600.2412137044109,0.0,0,0.0,0.0,15,0.0,4854.026812759725,6,809.0044687932874,701.1062289870811,25,28.044249159483243,0.0,8,0.0,n_informed,0,0
8.778807223052924,9.436718679721821,0.9081788638875261,66,4775.207574500192,10.0,0.6603125804208316,2736.713924261193,12,228.05949368843275,0.0,0,0.0,0.0,15,0.0,1542.374311099295,6,257.06238518321584,479.9694184932543,25,19.19877673973017,16.149920646449253,8,2.0187400808061566,n_informed,0,1
6.210389319897111,6.670081768557429,0.5467669891118674,66,24409.940240309694,10.0,0.6129868687136903,11741.184167806567,12,978.4320139838806,0.0,0,0.0,-294.8602489149565,15,-19.657349927663766,9394.965987038071,6,1565.8276645063452,3506.3225099416695,25,140.2529003976668,62.32782443833575,8,7.790978054791969,n_informed,0,2
6.022350355924785,6.600653435476123,0.674771356804064,64,7736.285634245296,10.0,0.6357649739652669,4765.169436600399,12,397.09745305003327,0.0,0,0.0,0.0,15,0.0,2252.8980770339417,6,375.4830128389903,718.2181206109535,24,29.925755025456397,0.0,7,0.0,n_informed,0,3
7.763627556792133,8.080962705185044,0.6244090503822485,67,4064.591980600697,10.0,0.5362694699740513,1125.8951519475763,12,93.82459599563136,0.0,0,0.0,0.0,15,0.0,460.83034452496537,6,76.80505742082757,2207.7609622632845,25,88.31043849053138,270.10552186487035,9,30.011724651652262,n_informed,0,4
6.975649959027692,7.6208253354812765,0.6178074663785659,64,5486.374367304762,10.0,0.6804230317589075,3376.7925085781085,12,281.3993757148424,0.0,0,0.0,0.0,15,0.0,48.236672789641624,6,8.03944546494027,2061.3451859370125,23,89.62370373639185,0.0,8,0.0,n_informed,0,5
7.696206843561156,8.05247535780445,0.6781143482379152,67,4631.876218381085,10.0,0.623703940043538,3216.4540866468533,12,268.03784055390446,0.0,0,0.0,-161.14535778758915,15,-10.743023852505944,895.0377396045603,6,149.17295660076005,681.5297499172597,25,27.261189996690387,0.0,9,0.0,n_informed,0,6
8.02624338407225,8.25520355217159,0.655701230863086,69,9198.251825466523,10.0,0.5868875910685605,4540.637548493659,12,378.3864623744716,0.0,0,0.0,0.0,15,0.0,4119.860901577869,6,686.6434835963115,537.7533753949982,24,22.40639064145826,0.0,12,0.0,n_informed,0,7
8.653739506439308,8.839482764974239,0.653523386582283,67,7770.067610645007,10.0,0.5097602546000206,3361.2920329442836,12,280.10766941202365,0.0,0,0.0,0.0,15,0.0,2564.800380209285,6,427.4667300348808,1843.9751974914384,24,76.8322998954766,0.0,10,0.0,n_informed,0,8
5.649426276601543,6.604331308417024,0.6138286420329204,66,7671.442876933724,10.0,0.6589374173075317,6674.896505014688,12,556.2413754178907,0.0,0,0.0,0.0,15,0.0,958.5898192876314,6,159.7649698812719,37.95655263140583,25,1.518262105256233,0.0,8,0.0,n_informed,0,9
5.2817758388568965,5.561272456978411,0.5569201912275593,66,5821.490096098997,10.0,0.8199266612106675,4446.335276586148,12,370.52793971551233,0.0,0,0.0,0.0,15,0.0,-5.815432208710987,6,-0.9692387014518311,1380.9702517215599,24,57.540427155065,0.0,9,0.0,n_informed,0,10
8.440982399246144,8.78693165898206,0.603625127231077,67,6679.062580288492,10.0,0.45561347433020205,3210.7812801191553,12,267.56510667659626,0.0,0,0.0,0.0,15,0.0,742.0530384598748,6,123.67550640997912,2450.5121294371456,23,106.54400562770198,275.71613227231614,11,25.065102933846923,n_informed,0,11
6.889376525459395,7.042536065368646,0.5429504248736582,61,1221.4076484733816,10.0,0.5510611762850577,303.55145882351997,12,25.29595490196,0.0,0,0.0,-630.656388511015,15,-42.04375923406767,-1.6779848873617402,6,-0.27966414789362337,1550.190563048238,21,73.81859824039228,0.0,7,0.0,n_informed,0,12
7.8655859829859125,8.163516426101179,0.6079044264431549,69,12886.100676641057,10.0,0.4405078902197501,7594.613330555338,12,632.8844442129448,0.0,0,0.0,-82.43989812425419,15,-5.495993208283612,2664.232931707109,6,444.03882195118484,2709.6943125028706,25,108.38777250011482,0.0,11,0.0,n_informed,0,13
7.5367138817609005,7.697417454977609,0.5646316001629583,64,2560.9497990868413,10.0,0.5023940082209037,1715.213745144903,12,142.93447876207526,0.0,0,0.0,0.0,15,0.0,83.62138386106399,6,13.936897310177331,762.114670080875,25,30.484586803235,0.0,6,0.0,n_informed,0,14
6.518246363026158,6.980707834661008,0.7086221189502407,67,12331.113862497636,10.0,0.7720518449551625,7638.7531483659905,12,636.5627623638326,4.953344313614713,1,4.953344313614713,0.0,15,0.0,3108.6432814875297,6,518.107213581255,1578.7640883305,25,63.15056353322,0.0,8,0.0,n_informed,3,0
7.982180182251718,9.29924458334973,0.8383685010251999,67,6846.219363227042,10.0,0.8282287137985891,4482.834159856723,12,373.5695133213936,-39.69245270268024,2,-19.84622635134012,0.0,15,0.0,1902.1669270398693,6,317.02782117331157,490.01963948023956,24,20.417484978343314,10.891089552889568,8,1.361386194111196,n_informed,3,1
6.935315262127264,7.371427141545341,0.6508023620445327,67,20366.43561787668,10.0,0.651513099013779,9461.734400137297,12,788.4778666781081,-54.9931382604796,2,-27.4965691302398,0.0,15,0.0,6551.784582762609,6,1091.9640971271015,4384.29521242672,24,182.6789671844467,23.614560810538514,8,2.951820101317314,n_informed,3,2
7.0596059290391695,7.673489991596908,0.7198529532860082,67,5714.352658074302,10.0,0.734294654799087,2443.897680067209,12,203.65814000560076,0.0,0,0.0,0.0,15,0.0,1030.951901296578,6,171.825316882763,2239.5030767105177,24,93.31262819627158,0.0,10,0.0,n_informed,3,3
6.4455082747695585,6.982829343477501,0.7014399819610815,67,4914.965720516261,10.0,0.829900092428467,4193.8413029552285,12,349.486775246269,-30.012303388217916,1,-30.012303388217916,0.0,15,0.0,1543.510849878579,6,257.2518083130965,-792.374128929327,25,-31.69496515717308,0.0,8,0.0,n_informed,3,4
6.991176229962097,7.3170738579850365,0.5745724006008054,70,4060.1493212619703,10.0,0.6080627162101058,3323.0459585364592,12,276.9204965447049,24.58945283026639,3,8.196484276755463,0.0,15,0.0,34.163516182419656,6,5.693919363736609,678.3503937128249,25,27.134015748512997,0.0,9,0.0,n_informed,3,5
7.438818197252732,10.771220950476877,0.9226874350581552,71,5079.52935380159,10.0,1.2680714854677073,3959.773423501026,12,329.9811186250855,-9.504432763096528,3,-3.1681442543655094,-536.7525410265325,15,-35.78350273510217,1065.1385304204432,6,177.5230884034072,600.8743736697473,24,25.036432236239474,0.0,11,0.0,n_informed,3,6
8.171892386598506,8.513886197278644,0.6813048639568787,69,9688.851756827684,10.0,0.5573117604004019,4239.612727280248,12,353.3010606066873,20.25938586093607,3,6.753128620312023,0.0,15,0.0,3126.0009256131175,6,521.000154268853,2294.6607991123014,25,91.78643196449205,8.317918961080421,8,1.0397398701350526,n_informed,3,7
7.663164035114829,8.230205541476609,0.9202895721220122,66,9073.056757607304,10.0,0.7875025996747296,5107.897193444367,12,425.6580994536973,3.728457047232732,2,1.864228523616366,-27.423531182950732,15,-1.8282354121967155,3052.84542898644,6,508.80757149773996,907.7935042111515,24,37.82472934213131,28.21570510106123,7,4.0308150144373185,n_informed,3,8
7.528772834471894,8.330941700550667,0.6381602186039957,69,3008.007980905241,10.0,0.5541950830468989,1692.4942660910003,12,141.0411888409167,-71.2367736800315,3,-23.745591226677167,-255.02614126614154,15,-17.0017427510761,618.255095142694,6,103.04251585711567,1023.5215346177201,25,40.9408613847088,0.0,8,0.0,n_informed,3,9
6.524186985972193,7.666716027811695,0.586275324933781,68,2533.926651686463,10.0,0.8178216669461416,1265.4260734388176,12,105.45217278656814,-15.935110033352322,3,-5.311703344450774,0.0,15,0.0,2.6493657920715004,6,0.4415609653452501,1281.7863224889254,25,51.27145289955702,0.0,7,0.0,n_informed,3,10
8.00680482771754,8.744623132795098,0.7357276435715502,70,7695.677053213625,10.0,0.5939335959490246,4199.207616924728,12,349.9339680770607,-88.5516741996592,2,-44.2758370998296,-113.04159495835518,15,-7.536106330557012,1995.0940039461038,6,332.51566732435066,1702.9687015008067,25,68.11874806003226,0.0,10,0.0,n_informed,3,11
6.210827975713085,8.733970488516878,0.7772630262568638,68,3840.097230496528,10.0,1.2669844679898525,1949.2957276984475,12,162.44131064153729,-93.55988542508469,3,-31.18662847502823,0.0,15,0.0,-7.134699538644948,6,-1.189116589774158,1991.4960877618103,23,86.58678642442653,0.0,9,0.0,n_informed,3,12
7.234543264337863,7.850857972632978,0.7785756901608384,71,14646.823632698319,10.0,0.6969258794779893,9630.889820639206,12,802.5741517199339,-16.920182048662127,3,-5.640060682887376,0.0,15,0.0,4176.778111401298,6,696.1296852335496,856.0758827064775,25,34.2430353082591,0.0,10,0.0,n_informed,3,13
8.170032365296308,8.51452499501847,0.6699531057075788,72,1280.6283071671169,10.0,0.5504891762672306,455.21678697467144,12,37.934732247889286,89.26215094785942,3,29.75405031595314,-125.35098788315543,15,-8.356732525543695,45.36985311582528,6,7.56164218597088,608.6664349379715,25,24.34665739751886,207.46406907394456,11,18.86036991581314,n_informed,3,14
8.721751594815652,9.334601762173126,0.776978824743339,71,5195.094987025788,10.0,0.6502373886698498,2693.019544218237,12,224.41829535151976,-100.48434750755257,4,-25.121086876888143,0.0,15,0.0,1475.8516906634818,6,245.97528177724698,1126.7080996516245,25,45.06832398606498,0.0,9,0.0,n_informed,6,0
7.494233856087862,8.366886527836323,0.7781988168127296,72,8321.534879056157,10.0,0.8062531165345799,5704.744489411963,12,475.39537411766355,-243.76765629434544,5,-48.75353125886909,0.0,15,0.0,2794.568838165078,6,465.761473027513,65.98920777346066,25,2.6395683109384267,0.0,9,0.0,n_informed,6,1
7.0783865522274345,8.209918790716632,0.7971341657088541,69,20675.060847681798,10.0,0.8027075403555279,9149.906276093248,12,762.4921896744373,-222.7421630200947,6,-37.12369383668245,0.0,15,0.0,7362.632231023033,6,1227.105371837172,4374.0624596956295,22,198.82102089525588,11.202043889990437,8,1.4002554862488046,n_informed,6,2
6.559178953424232,7.664641052165505,0.6491981121860649,68,7888.141647257541,10.0,0.8097622683580188,3476.140259448649,12,289.6783549540541,-69.59947060682067,2,-34.79973530341034,0.0,15,0.0,1800.786764618809,6,300.13112743646815,2680.8140937969024,25,107.2325637518761,0.0,8,0.0,n_informed,6,3
6.809223158397413,7.93925781578241,0.6434296523559846,70,4770.636030719165,10.0,0.851855099936458,3188.0946276111163,12,265.67455230092634,-74.19609598626211,6,-12.36601599771035,0.0,15,0.0,328.5657971846485,6,54.76096619744141,1328.1717019096604,24,55.340487579569185,0.0,7,0.0,n_informed,6,4
5.967343167654183,6.561920458538836,0.6756627808100427,69,5478.200000119563,10.0,0.9226097010255867,6261.083889352044,12,521.756990779337,7.366968179910336,1,7.366968179910336,0.0,15,0.0,612.5692167254618,6,102.09486945424364,-1402.8200741378544,25,-56.11280296551418,0.0,10,0.0,n_informed,6,5
7.856372359886045,8.15868320365578,0.7150497701653862,74,4141.755036320732,10.0,0.6656628902296526,3076.757163648125,12,256.3964303040104,-150.7185357083591,6,-25.119755951393184,-53.836904481281884,15,-3.5891269654187923,1166.8085519733254,6,194.46809199555423,102.74476088892362,25,4.109790435556945,0.0,10,0.0,n_informed,6,6
7.824896026647219,8.634144466232293,0.8636820851345486,69,8814.513226346297,10.0,0.7457552036401915,5104.314387060137,12,425.3595322550114,-20.37203589497709,4,-5.093008973744272,0.0,15,0.0,3776.5350474955335,6,629.4225079159222,-74.36008730614252,25,-2.9744034922457008,28.39591499174678,7,4.056559284535254,n_informed,6,7
6.713649422137542,7.569765757090538,0.8581694106079574,71,12358.19300626665,10.0,0.9611572141768248,7638.373257620558,12,636.5311048017132,-0.8023642035498781,3,-0.26745473451662605,0.0,15,0.0,4325.396984925398,6,720.8994974875664,395.2251279242447,24,16.467713663510196,0.0,11,0.0,n_informed,6,8
6.633332623975641,6.973649608902631,0.6615851180828058,71,5878.875597294656,10.0,0.7073093098773255,3640.0530199180735,12,303.33775165983945,-5.014028492885904,3,-1.671342830961968,0.0,15,0.0,418.1461088277819,6,69.69101813796365,1825.6904970416867,25,73.02761988166748,0.0,10,0.0,n_informed,6,9
5.9150562323848925,6.2581442742751126,0.6129929800706557,67,4119.482539626364,10.0,0.7593429113226202,2592.3633258845307,12,216.03027715704422,-12.469321923165948,2,-6.234660961582974,0.0,15,0.0,4.462468732772001,6,0.7437447887953335,1535.126066932227,24,63.96358612217613,0.0,8,0.0,n_informed,6,10
7.705812633635868,8.590301025688646,0.6916831973548396,71,9557.987649670044,10.0,0.5369965621019537,4882.421359952709,12,406.8684466627258,-274.4270834604534,4,-68.60677086511335,-109.56205233913158,15,-7.304136822608772,3510.0995114612556,6,585.0165852435426,1549.4559140556669,25,61.97823656222668,0.0,9,0.0,n_informed,6,11
6.408417720741689,6.86255170141394,0.6147872202012915,68,3131.6518549697785,10.0,0.7280825573137049,1358.612355780032,12,113.21769631500267,-179.5874064815583,3,-59.8624688271861,0.0,15,0.0,-5.962884766695323,6,-0.9938141277825538,1958.5897904380013,22,89.02680865627279,0.0,10,0.0,n_informed,6,12
8.137478402089984,9.983788709915771,0.9135340837071165,72,12705.64849070181,10.0,0.8751184549828805,6986.434046229688,12,582.2028371858073,-81.34570976916608,6,-13.557618294861014,-25.635382508444806,15,-1.709025500562987,4260.300962988489,6,710.0501604980815,1565.8945737612416,25,62.635782950449666,0.0,8,0.0,n_informed,6,13
6.632940964791087,6.953541640928039,0.6238467068968254,68,4507.313633821692,10.0,0.6998228628658039,4011.4840624588132,12,334.29033853823444,1.6333804250043702,2,0.8166902125021851,-145.51083604938933,15,-9.700722403292621,89.46423211971054,6,14.91070535328509,550.2427948675527,25,22.009711794702106,0.0,8,0.0,n_informed,6,14
7.267335078486764,7.780084642022849,0.6971058528572346,72,10419.861455365919,10.0,0.7654546885943616,5594.264578548974,12,466.18871487908115,-97.18708610932362,4,-24.296771527330904,0.0,15,0.0,3404.2603853306946,6,567.3767308884491,1518.523577595572,25,60.740943103822886,0.0,10,0.0,n_informed,10,0
9.25076780146143,9.44264745824039,0.6702656280025873,75,3353.256629214113,10.0,0.4728108698152895,1810.6808587431874,12,150.89007156193227,498.2700493985252,10,49.82700493985252,0.0,15,0.0,653.4475001712871,6,108.90791669521451,390.8582209011128,24,16.285759204213033,0.0,8,0.0,n_informed,10,1
7.517137564655136,7.919152265069979,0.7526456210295835,72,17736.3703385031,10.0,0.7117083793397438,7937.038189565637,12,661.4198491304697,-37.70421689424049,5,-7.5408433788480975,-119.29227945656893,15,-7.952818630437929,4917.28421788956,6,819.54736964826,5039.0444273987,24,209.9601844749458,0.0,10,0.0,n_informed,10,2
6.453601639470989,6.899587918072938,0.6764517873277643,71,4443.626519981689,10.0,0.7823876616317806,3697.631930743531,12,308.13599422862757,-101.86843493660987,4,-25.46710873415247,0.0,15,0.0,1588.9536869999,6,264.8256144999833,-741.0906628251314,25,-29.643626513005255,0.0,9,0.0,n_informed,10,3
6.478528411795732,6.82265689149499,0.6186184496836001,72,5951.390161293697,10.0,0.7349174378155432,4088.324710454677,12,340.6937258712231,2.2753749046701017,4,0.5688437261675254,0.0,15,0.0,757.920797742566,6,126.32013295709434,1102.8692781917869,25,44.114771127671474,0.0,10,0.0,n_informed,10,4
7.6283833426366945,8.908002415122517,0.7031041781647183,73,2783.8686141521125,10.0,0.8286977767787342,1988.752608508508,12,165.72938404237567,-25.06388097437584,6,-4.177313495729307,0.0,15,0.0,149.4343717149628,6,24.905728619160467,670.7455149030177,25,26.829820596120708,0.0,9,0.0,n_informed,10,5
8.13052567157367,9.37895390906904,0.7713777016727471,74,4159.156172737762,10.0,0.8395262009708337,2480.143599935713,12,206.6786333279761,-122.34545682199071,10,-12.234545682199071,-107.16532752032334,15,-7.144355168021557,769.4215695146697,6,128.23692825244495,1139.1017876296937,24,47.462574484570574,0.0,7,0.0,n_informed,10,6
8.783328388165904,10.147748514250736,0.903179454314502,74,6473.38950059716,10.0,0.8185530567527255,3059.046585391275,12,254.92054878260626,-318.6899515432266,7,-45.52713593474665,0.0,15,0.0,3514.3088996701213,6,585.7181499450202,218.72396707899114,25,8.748958683159646,0.0,9,0.0,n_informed,10,7
8.179251432718809,9.147343837625492,0.822459003439036,73,7823.82617614816,10.0,0.8271698026767953,4168.283615295213,12,347.3569679412678,-187.76407912498092,6,-31.29401318749682,0.0,15,0.0,2565.5356879067567,6,427.58928131779277,1277.7709520711717,24,53.24045633629882,0.0,10,0.0,n_informed,10,8
7.033422297133623,7.460871943744799,0.6439383462374768,72,3720.1309119146404,10.0,0.6438513040935634,2680.8085072067865,12,223.40070893389887,-109.84613634635889,6,-18.307689391059814,-147.31086705750278,15,-9.820724470500185,812.9436043359344,6,135.49060072265573,483.53580377578174,25,19.34143215103127,0.0,8,0.0,n_informed,10,9
7.372559487969581,8.699897082746478,0.8074767559417629,77,522.0106692876737,10.0,0.8196350790863207,-281.2185318327622,12,-23.434877652730183,-267.9098367167136,10,-26.79098367167136,-28.536635749404578,15,-1.9024423832936386,3.1011985917491036,6,0.5168664319581839,1013.6026094603968,24,42.23344206084987,82.97186553440785,10,8.297186553440785,n_informed,10,10
8.166745479487236,8.910804061964154,0.8004010830346295,74,6947.515955378481,10.0,0.7073844195368082,3894.712580821087,12,324.5593817350906,-136.54929413400185,7,-19.50704201914312,0.0,15,0.0,1643.3394341811625,6,273.8899056968604,1546.013234510234,25,61.840529380409365,0.0,9,0.0,n_informed,10,11
6.343958569960002,6.579040610790253,0.628644755744915,70,2847.0298205585386,10.0,0.7459797397868211,1505.1080689367589,12,125.42567241139658,-236.32505345367423,5,-47.26501069073485,0.0,15,0.0,-3.4012864299128314,6,-0.5668810716521385,1581.6480915053662,23,68.76730832632028,0.0,9,0.0,n_informed,10,12
7.061999629617454,8.669149815432007,0.8174426789270026,72,14354.576617502484,10.0,0.9627250490266295,10249.899862904784,12,854.158321908732,-216.8162648458007,6,-36.13604414096678,0.0,15,0.0,3788.4618202303964,6,631.4103033717328,533.0311992131053,25,21.32124796852421,0.0,8,0.0,n_informed,10,13
8.03475895388123,8.741654187563949,0.7201077071160562,75,339.06999737135254,10.0,0.6832676416050627,721.8720677946914,12,60.15600564955761,-185.8854816761568,8,-23.2356852095196,0.0,15,0.0,3.739988405161577,6,0.6233314008602628,-200.65657715234352,25,-8.02626308609374,0.0,9,0.0,n_informed,10,14
9.064376297828082,9.749066492459477,0.82501755407728,75,4538.8698548839775,10.0,0.6619172550524959,2124.4064496550545,12,177.03387080458788,-239.27339795462467,7,-34.18191399351781,-222.627559383337,15,-14.841837292222467,1530.6879834571241,6,255.1146639095207,1345.6763791097608,25,53.82705516439043,0.0,10,0.0,n_informed,15,0
8.906162086664915,10.098271765093237,0.8937852765223744,79,3930.2154467568307,10.0,0.8167262585261765,2429.8859169954976,12,202.49049308295812,-297.119967132208,13,-22.855382087092924,0.0,15,0.0,1375.4586261868678,6,229.24310436447797,421.99087070667167,24,17.58295294611132,0.0,9,0.0,n_informed,15,1
7.8781756208610645,8.184195706446605,0.7560914896724678,76,15054.427570147824,10.0,0.7363925599680918,7070.314337693285,12,589.1928614744404,-256.7394064784895,8,-32.09242580981119,-55.75891874431868,15,-3.717261249621245,4854.694931487852,6,809.115821914642,3441.916626189495,24,143.41319275789564,0.0,11,0.0,n_informed,15,2
6.108047836968278,6.445030790385228,0.6442206447280499,74,6557.545376849901,10.0,0.8888955347763869,4632.636131653136,12,386.05301097109464,-361.1525650924651,8,-45.14407063655814,0.0,15,0.0,576.7455754144912,6,96.12426256908186,1709.31623487474,25,68.37264939498961,0.0,8,0.0,n_informed,15,3
7.926299464010416,8.405708686258688,0.790936452297696,73,936.0622330546694,10.0,0.7279666825978375,936.079985885226,12,78.00666549043551,-254.2611758069138,7,-36.3230251152734,-96.71363180069595,15,-6.44757545337973,895.5139408375371,6,149.25232347292285,-544.5568860604834,24,-22.68987025252014,0.0,9,0.0,n_informed,15,4
6.937310157480418,7.55930839768234,0.7854837378477878,73,3455.565548540031,10.0,1.0334948065533194,3659.3547364584406,12,304.9462280382034,-99.94624095402573,7,-14.278034422003675,-248.82084576516064,15,-16.588056384344043,189.62111853471615,6,31.603519755786024,-44.6432197339406,23,-1.9410095536495913,0.0,10,0.0,n_informed,15,5
7.46093738972652,8.450677304394542,0.8362158574846463,79,5288.96775703146,10.0,1.1285893677205157,3992.0706512610095,12,332.6725542717508,-48.44868896229797,13,-3.7268222278690746,-232.20666275696937,15,-15.480444183797959,988.725605927322,6,164.787600987887,588.826851562395,25,23.5530740624958,0.0,8,0.0,n_informed,15,6
8.553170391287045,9.261906620860099,0.8092187865748657,78,8122.986116605543,10.0,0.6627422693635603,3480.704919678898,12,290.05874330657485,-237.85803121079942,11,-21.62345738279995,-84.66906005581211,15,-5.644604003720807,2888.465696722942,6,481.41094945382366,2076.3425914703107,23,90.27576484653525,0.0,11,0.0,n_informed,15,7
8.850467334881564,9.400721695301538,0.8049195817294961,74,6100.456654485658,10.0,0.659868824957468,2910.016655160564,12,242.501387930047,-174.11288811725856,7,-24.873269731036938,0.0,15,0.0,2404.6345953824793,6,400.7724325637466,959.9182920598753,25,38.396731682395014,0.0,9,0.0,n_informed,15,8
9.051278707047727,10.660360150697901,0.8240596271952085,81,-819.621878037764,10.0,0.8305280161770501,-837.662894010718,12,-69.80524116755983,6.05398951920766,15,0.40359930128051064,17.804438800379785,15,1.1869625866919857,100.52307359586796,6,16.753845599311326,-106.34048594250136,24,-4.430853580937557,0.0,9,0.0,n_informed,15,9
7.482304138050506,8.249220990389588,0.9309617120092273,72,-967.7997545199597,10.0,0.9555923196205176,-212.74996779383744,12,-17.729163982819788,-120.2169323988948,8,-15.02711654986185,-25.615052936250095,15,-1.7076701957500062,134.75424838566897,6,22.459041397611497,-743.9720497766464,25,-29.758881991065856,0.0,6,0.0,n_informed,15,10
8.685223980257051,9.266345721483232,0.8414109326685457,75,4617.542487372591,10.0,0.6437650813678273,2833.196815852861,12,236.0997346544051,-219.91290153035948,9,-24.434766836706608,0.0,15,0.0,1079.7978307185779,6,179.96630511976298,924.460742331513,25,36.978429693260516,0.0,8,0.0,n_informed,15,11
6.139679842429568,6.3767174800541095,0.613835411914794,74,2120.646320758947,10.0,0.7527271766811336,2011.0854213649955,12,167.5904517804163,-182.0352328483099,6,-30.339205474718316,0.0,15,0.0,18.35314280804329,6,3.058857134673882,273.24298943421877,25,10.92971957736875,0.0,10,0.0,n_informed,15,12
7.734966243948563,9.535803601115795,0.8625720672358689,75,13933.644600602733,10.0,0.9807013429347664,8096.94510219555,12,674.7454251829625,-142.42170860894188,10,-14.242170860894188,0.0,15,0.0,5443.830109978913,6,907.3050183298188,535.2910970372096,25,21.411643881488384,0.0,7,0.0,n_informed,15,13
6.981776851740466,7.654671577532822,0.7135317783708798,75,4037.066693198743,10.0,0.8508220507083502,3146.4273845837283,12,262.202282048644,-185.17120498653654,9,-20.574578331837394,-191.8073625905094,15,-12.78715750603396,28.797872132826132,6,4.799645355471022,1238.8200040592353,25,49.552800162369415,0.0,8,0.0,n_informed,15,14
8.483289424763202,9.251074511745163,0.8184854874990511,78,6783.875165692306,10.0,0.8261803975476687,3055.2656965947663,12,254.60547471623053,-240.16722215838396,11,-21.83338383258036,-55.07657919442723,15,-3.671771946295149,2559.5815984045676,6,426.5969330674279,1464.271672045782,25,58.57086688183128,0.0,9,0.0,n_informed,20,0
8.83533024616964,9.30588291887711,0.9195628118719983,78,3361.975086133846,10.0,0.8094351741598087,2536.8187939927093,12,211.4015661660591,-296.3928291045893,10,-29.639282910458927,-52.22094092993947,15,-3.4813960619959645,1059.341056695371,6,176.55684278256183,114.42900548029569,25,4.5771602192118275,0.0,10,0.0,n_informed,20,1
7.994097206431253,8.329161466147422,0.8052041760642259,75,14764.829854658698,10.0,0.8288790790004525,6837.975071063759,12,569.83125592198,-372.8380400495221,13,-28.679849234578622,0.0,15,0.0,4906.995916775609,6,817.8326527959348,3392.696906868849,22,154.21349576676587,0.0,7,0.0,n_informed,20,2
8.12626435529514,8.509692826372714,0.7825530056037827,78,765.1824439236632,10.0,0.6939618908367458,660.1128723320171,12,55.00940602766809,-831.5993453487138,12,-69.29994544572615,0.0,15,0.0,516.2574685391107,6,86.04291142318512,420.4114484012499,25,16.816457936049996,0.0,8,0.0,n_informed,20,3
8.240968872202464,9.360661625882877,0.8198238167974919,82,1054.3002082687992,10.0,0.8231789245844856,399.1831674864222,12,33.265263957201846,-373.91099855151697,13,-28.762384503962842,0.0,15,0.0,315.11302463575737,6,52.518837439292895,713.9150146981369,25,28.556600587925477,0.0,11,0.0,n_informed,20,4
6.533118747156112,6.83502056747675,0.6665695743654633,75,5191.864258375023,10.0,0.7904358738389621,4509.325760950309,12,375.77714674585906,-341.8121676423505,9,-37.97912973803895,-48.15592858531029,15,-3.210395239020686,212.74414222247938,6,35.457357037079895,859.7624514298965,23,37.380976149125935,0.0,10,0.0,n_informed,20,5
7.599892710080657,8.107880807295441,0.8050993109839492,82,3555.4827598377533,10.0,0.9909251492466149,3654.102323936757,12,304.5085269947297,-141.84652649251512,16,-8.865407905782195,-407.32168563550067,15,-27.154779042366712,654.6317378840681,6,109.10528964734469,-204.0830898550569,24,-8.503462077294037,0.0,9,0.0,n_informed,20,6
8.840680829238728,9.358335857838394,0.8586661430519198,79,6947.940581021936,10.0,0.7304248685481016,2922.349245262206,12,243.5291037718505,-246.64956121600278,10,-24.664956121600277,0.0,15,0.0,2956.6998025650664,6,492.78330042751105,1315.5410944106677,25,52.62164377642671,0.0,11,0.0,n_informed,20,7
9.103758713012885,9.669082567840814,0.8922675474568885,77,4779.919790288922,10.0,0.7488950622226647,2450.269038795316,12,204.18908656627636,-371.7077491014573,11,-33.79161355467794,-172.56178602362994,15,-11.504119068241996,2400.1722363015347,6,400.0287060502558,473.74805031715755,24,19.739502096548232,0.0,9,0.0,n_informed,20,8
7.862083465877512,8.63133017811132,0.802673378757231,80,1496.2736675414917,10.0,0.8893310007548265,1072.0858936221641,12,89.34049113518034,-240.70427656183298,14,-17.193162611559497,0.0,15,0.0,367.09141031544345,6,61.18190171924058,297.8006401657173,23,12.947853920248578,0.0,10,0.0,n_informed,20,9
6.819008222416279,7.1152588022167915,0.6573873050693548,79,1858.122242834881,10.0,0.7424464749752084,752.5314666690387,12,62.71095555575322,-460.1306602105766,11,-41.830060019143325,0.0,15,0.0,238.30632040119983,6,39.71772006686664,1327.4151159752191,25,53.09660463900877,0.0,10,0.0,n_informed,20,10
8.406253216131928,8.847663246467711,0.8174071922486612,73,4776.189142809027,10.0,0.7650514345026935,3409.8965395544365,12,284.1580449628697,-380.8783032072704,11,-34.625300291570035,0.0,15,0.0,916.7616717132117,6,152.79361195220196,830.4092347486483,23,36.10474933689775,0.0,6,0.0,n_informed,20,11
7.277946523440744,8.388932510942382,0.7198544503791605,84,-59.649531208326266,10.0,0.8081230127582577,-363.8223275761936,12,-30.318527298016132,-467.30027113868647,17,-27.488251243452144,0.0,15,0.0,-4.693342254571826,6,-0.7822237090953044,776.1664097611258,25,31.046656390445033,0.0,9,0.0,n_informed,20,12
7.928580989207378,8.442124406294436,0.8507485229118052,78,10687.413095485877,10.0,0.915714006581724,7558.991582762982,12,629.9159652302485,-245.80617462021866,11,-22.34601587456533,-85.44237211289752,15,-5.6961581408598345,3687.7542998292415,6,614.6257166382069,-228.0842403732385,25,-9.123369614929539,0.0,9,0.0,n_informed,20,13
7.068217857715186,7.441485627233737,0.7010285946049997,77,2509.9287769844345,10.0,0.759999701202609,2873.5934854136126,12,239.46612378446773,-415.27215796043106,10,-41.52721579604311,-45.86437989827056,15,-3.057625326551371,3.762296477307468,6,0.6270494128845779,93.70953295221702,25,3.748381318088681,0.0,9,0.0,n_informed,20,14
7.87474876592927,8.490082173650308,0.9875717116533056,79,5719.968184804653,10.0,1.1596289274254383,4675.242082357698,12,389.6035068631415,-228.24646069565856,14,-16.303318621118468,-27.21969587973571,15,-1.8146463919823808,1785.9010328632924,6,297.65017214388206,-485.7087738409434,25,-19.428350953637736,0.0,7,0.0,n_informed,30,0
8.717260234593416,9.230536976456644,0.8373190197955499,76,3757.207152761831,10.0,0.8038675364397287,2746.074904041401,12,228.83957533678344,-131.59076465883444,14,-9.399340332773889,0.0,15,0.0,937.2770782516816,6,156.21284637528026,205.4459351275825,22,9.338451596708294,0.0,7,0.0,n_informed,30,1
8.27825544666192,8.685761389897245,0.9137729297142063,84,12452.333470339445,10.0,0.9346685218336299,6270.767684064388,12,522.5639736720324,-889.9321415685732,19,-46.838533766767014,0.0,15,0.0,4703.431766968389,6,783.9052944947315,2368.0661608752407,24,98.66942336980169,0.0,8,0.0,n_informed,30,2
5.945433900134629,6.180382327549159,0.6434659609987861,80,6790.175852599731,10.0,0.9150241626996978,5110.22420554414,12,425.85201712867837,-343.26736873556524,15,-22.884491249037684,0.0,15,0.0,1024.9006398137287,6,170.8167733022881,998.318375977429,25,39.93273503909716,0.0,7,0.0,n_informed,30,3
8.400612569644842,9.602701426332768,0.8351364257500727,83,126.82959574595827,10.0,0.9142397480728728,270.73747498509,12,22.561456248757498,-186.24637925382717,13,-14.326644557986706,-202.37832167916173,15,-13.491888111944116,257.6934798093797,6,42.94891330156329,-12.97665811552254,25,-0.5190663246209016,0.0,12,0.0,n_informed,30,4
7.371564415537495,8.453107379672115,0.7623959385584684,86,2806.5932082987465,10.0,0.9965449754849425,2533.7803620171344,12,211.14836350142787,-198.15378841973808,20,-9.907689420986904,-348.06361597791073,15,-23.204241065194047,506.85155441748077,6,84.47525906958013,312.17869626178083,23,13.57298679399047,0.0,10,0.0,n_informed,30,5
7.989936370188912,9.035538645048895,0.8841532257538084,87,4197.174396972658,10.0,1.0966015826511475,2835.497760896912,12,236.29148007474268,-374.47249036171553,21,-17.832023350557883,0.0,15,0.0,825.8200208519485,6,137.6366701419914,910.3291055855126,24,37.93037939939636,0.0,9,0.0,n_informed,30,6
8.873093989103864,9.27340497730058,0.917494598056499,80,5518.944037267492,10.0,0.8848203238278516,2869.3600656930953,12,239.11333880775794,-327.56189643041995,14,-23.397278316458568,0.0,15,0.0,1625.7137293078904,6,270.95228821798173,1351.4321386969252,24,56.30967244570522,0.0,9,0.0,n_informed,30,7
8.207195079681153,8.506810587664223,0.8801801875210492,79,7057.741999641991,10.0,0.8917499532860198,3974.287059772453,12,331.1905883143711,-330.08764064120345,14,-23.57768861722882,0.0,15,0.0,3050.4400356310307,6,508.40667260517176,363.1025448797117,25,14.524101795188466,0.0,7,0.0,n_informed,30,8
8.006931434123372,8.588072042228838,0.8610471717287971,83,1128.9461403192136,10.0,0.9801972642274257,960.2210976871262,12,80.01842480726052,-121.40213361662273,16,-7.587633351038921,0.0,15,0.0,475.64475813874935,6,79.27412635645823,-185.51758189003928,25,-7.420703275601571,0.0,9,0.0,n_informed,30,9
7.367227060876233,7.82731225192186,0.8280091903897543,80,252.490504399386,10.0,0.9503300137613595,-24.069345668034245,12,-2.0057788056695203,-374.0136306508351,14,-26.71525933220251,-149.86222235041515,15,-9.99081482336101,96.05304929637316,6,16.008841549395527,704.3826537722979,24,29.34927724051241,0.0,9,0.0,n_informed,30,10
8.276393574919556,8.619132293941469,0.8640058467878344,81,5068.3472656920485,10.0,0.8253212314155403,3727.483964981632,12,310.62366374846937,-777.5181423059145,14,-55.53701016470818,-32.3683810197145,15,-2.1578920679809666,1841.7934032541118,6,306.9655672090186,308.9564207819328,24,12.8731841992472,0.0,10,0.0,n_informed,30,11
5.971024793116541,6.198248071891516,0.7338063928048957,79,1315.1463229411788,10.0,1.2454491533860699,2676.6597558653125,12,223.0549796554427,-288.33009192975993,14,-20.595006566411424,0.0,15,0.0,0.0,6,0.0,-1073.183340994373,24,-44.715972541432215,0.0,8,0.0,n_informed,30,12
8.511106925520561,9.50352975008845,0.8942914567672989,86,9523.355880618674,10.0,0.8745434456741394,6034.831793108693,12,502.9026494257244,-537.1521374118929,18,-29.841785411771827,0.0,15,0.0,3125.4265495531145,6,520.904424925519,900.2496753687569,25,36.00998701475028,0.0,10,0.0,n_informed,30,13
6.7420376429055295,7.14240171052448,0.7421118794579412,78,3567.2190069169956,10.0,0.9159428735533961,3914.904260169169,12,326.2420216807641,-331.70908472139416,12,-27.642423726782848,0.0,15,0.0,27.232388544236127,6,4.538731424039354,-43.208557075015904,24,-1.8003565447923293,0.0,9,0.0,n_informed,30,14
